
/*
Delete from Sale1119;
Delete from Customer1119;
Delete from Interes1119;
Delete from Record1119;
*/


/*
INSERT INTO [dbo].[Interest1119]([InterestCode], [InterestDesc]) Values('RR','Rock and Roll');

Insert into [dbo].[Interest1119]([InterestCode],[InterestDesc]) Values('JA','Jazz');
Insert into [dbo].[Interest1119]([InterestCode],[InterestDesc]) Values('RB','Rhythm and Blues'); 


Insert into Customer1119(CustNo,CustName,CustAddr,CustPostCode,InterestCode) Values(123,'Jimmy Barnes','1 Sesame Street',3000,'RR');
Insert into Customer1119(CustNo,CustName,CustAddr,CustPostCode,InterestCode) Values(456,'Ian Moss','10 Downing Street',4000,'JA');
Insert into Customer1119(CustNo,CustName,CustAddr,CustPostCode,InterestCode) Values(789,'Don Walker','221B Baker Street',5000,'RB');
Insert into Customer1119(CustNo,CustName,CustAddr,CustPostCode,InterestCode) Values(234,'Steve Prestwich','LG1 College Cres, Parkville',6000,'RR');
Insert into Customer1119(CustNo,CustName,CustAddr,CustPostCode,InterestCode) Values(567,'Phil Small','1 Adelaide Avenue',7000,'RB')

Insert into Record1119(RecordID,Title,Performer) Values('PF002','The Dark Side of the Moon','Pink Floyd');
Insert into Record1119(RecordID,Title,Performer) Values('PF003','The Wall','Pink Floyd');
Insert into Record1119(RecordID,Title,Performer) Values('PF004','The Endless River','Pink Floyd');
Insert into Record1119(RecordID,Title,Performer) Values('PF006','Wish You Were Here','Pink Floyd');
Insert into Record1119(RecordID,Title,Performer) Values('PF007','The Division Bell','Pink Floyd');
Insert into Record1119(RecordID,Title,Performer) Values('IX002','Kick','INXS');
Insert into Record1119(RecordID,Title,Performer) Values('IX005','Shabooh Shoobah','INXS');
Insert into Record1119(RecordID,Title,Performer) Values('SP069','Never Mind the Bollocks','Sex Pistols');
Insert into Record1119(RecordID,Title,Performer) Values('SP070','Floggin a Dead Horse','Sex Pistols');
Insert into Record1119(RecordID,Title,Performer) Values('SP075','Agents of Anarchy','Sex Pistols');


insert into Sale1119(CustNo,RecordID,[Date],Price) Values(123,'PF003','1-Dec-2015',30.00);
insert into Sale1119(CustNo,RecordID,[Date],Price) Values(123,'IX002','1-Dec-2015',29.95);
insert into Sale1119(CustNo,RecordID,[Date],Price) Values(123,'SP069','2-Dec-2015',12.45);
insert into Sale1119(CustNo,RecordID,[Date],Price) Values(123,'IX002','5-Dec-2015',30.00);
insert into Sale1119(CustNo,RecordID,[Date],Price) Values(456,'PF002','1-Dec-2015',31.00);
insert into Sale1119(CustNo,RecordID,[Date],Price) Values(456,'IX005','3-Dec-2015',28.95);
insert into Sale1119(CustNo,RecordID,[Date],Price) Values(456,'SP070','6-Dec-2015',13.45);
insert into Sale1119(CustNo,RecordID,[Date],Price) Values(789,'PF004','2-Dec-2015',29.00);
insert into Sale1119(CustNo,RecordID,[Date],Price) Values(789,'IX002','5-Dec-2015',29.95);
insert into Sale1119(CustNo,RecordID,[Date],Price) Values(234,'PF006','1-Dec-2015',45.00);
insert into Sale1119(CustNo,RecordID,[Date],Price) Values(234,'SP075','4-Dec-2015',5.67);
insert into Sale1119(CustNo,RecordID,[Date],Price) Values(567,'PF007','03-Dec-15',9.95);
*/ 